cartodb_id,the_geom,name,country,continent
4,0101000020E6100000000000E0F5D86240FFFFFF7F16C94D40,Magadan,Russia,Asia
6,0101000020E6100000010000C0184E4E40000000805B6C4C40,Yekaterinburg,Russia,Asia
10,0101000020E61000000000002041B24E40000000608F924B40,Chelyabinsk,Russia,Asia
11,0101000020E6100000000000C004505240FFFFFF5F1A884B40,Omsk,Russia,Asia
12,0101000020E6100000FFFFFF9F57BC5440000000E01B844B40,Novosibirsk,Russia,Asia
28,0101000020E610000000000080DC0F5A40000000A0A1284A40,Irkutsk,Russia,Asia
52,0101000020E610000000000000F84C5240000000E089F04840,Karaganda,Kazakhstan,Asia
62,0101000020E6100000FFFFFFFF63BA5A4000000040DCF64740,Ulaanbaatar,Mongolia,Asia
64,0101000020E6100000FFFFFFFFC1FD5E400000006008AC4740,Qiqihar,China,Asia
72,0101000020E610000000000040D9A75F4000000000ABE04640,Harbin,China,Asia
83,0101000020E6100000FFFFFF7F02545F40FFFFFFFFCEF04540,Changchung,China,Asia
84,0101000020E6100000000000C04AA45F40000000E0D3EC4540,Jilin,China,Asia
85,0101000020E6100000FFFFFF7F89E55540000000602EE44540,Urumqi,China,Asia
90,0101000020E6100000FFFFFF7F683A5340000000E0A5A04540,Almaty,Kazakhstan,Asia
93,0101000020E6100000000000200EAB61400000008012874540,Sapporo,Japan,Asia
98,0101000020E6100000000000E0F4F95E40FFFFFFDFF8ED4440,Fushun,China,Asia
100,0101000020E6100000FFFFFFFF83D85E4000000040ADE64440,Shenyang,China,Asia
101,0101000020E6100000000000803D6446400000004064DC4440,T'Bilisi,Georgia,Asia
105,0101000020E6100000FFFFFF5F87BE5E4000000060C08E4440,Anshan,China,Asia
106,0101000020E6100000FFFFFFBF8D013D400000004071884440,Istanbul,Turkey,Asia
110,0101000020E6100000000000807AE84840000000A082294440,Baku,Azerbaijan,Asia
111,0101000020E6100000000000802E44464000000080A01A4440,Yerevan,Armenia,Asia
113,0101000020E610000000000000386D4040FFFFFF3FF4F64340,Ankara,Turkey,Asia
115,0101000020E6100000000000A0D5185D4000000020FEF34340,Beijing,China,Asia
116,0101000020E6100000000000805AA5444000000020C5F34340,Erzurum,Turkey,Asia
117,0101000020E610000000000080A5BC5040FFFFFF9F2BD44340,Samarkand,Uzbekistan,Asia
118,0101000020E6100000FFFFFF9F888B5D40000000E0C6CE4340,Tangshan,China,Asia
123,0101000020E6100000000000C0DA4B5D40000000E06F904340,Tianjin,China,Asia
124,0101000020E6100000FFFFFF1F7B705F4000000060A6834340,Pyongyang,Korea D P Rp,Asia
129,0101000020E6100000000000A022254740000000805D0A4340,Tabriz,Iran,Asia
130,0101000020E610000000000040D2A35C4000000040DE094340,Shijiazhuang,China,Asia
131,0101000020E6100000000000E0EF314D4000000060A7F94240,Ashkhabad,Turkmenistan,Asia
132,0101000020E6100000000000204F235C40FFFFFF9F4FF24240,Taiyuan,China,Asia
133,0101000020E610000000000020DBBB5F40FFFFFFBF6BC54240,Seoul,Korea Rep,Asia
135,0101000020E6100000000000C084A9414000000060FF7F4240,Adana,Turkey,Asia
138,0101000020E610000000000080F8835D40000000C04F654240,Zibo,China,Asia
139,0101000020E610000001000040E43D5D40000000A0E8534240,Jinan,China,Asia
140,0101000020E6100000000000608D914540000000E0F32A4240,Mosul,Iraq,Asia
141,0101000020E6100000FFFFFF9F65CC4D400000000021254240,Mashhad,Iran,Asia
142,0101000020E6100000000000606394424000000000971B4240,Aleppo,Syria,Asia
143,0101000020E6100000000000C05FE65940000000E0840E4240,Lanzhou,China,Asia
144,0101000020E6100000000000A0EC1260400000006088EE4140,Taegu,Korea Rep,Asia
145,0101000020E6100000000000A04CB949400000000022E34140,Tehran,Iran,Asia
146,0101000020E6100000FFFFFFDFE4796140000000606ED74140,Tokyo,Japan,Asia
147,0101000020E61000000000006045776140000000C095C04140,Kawasaki,Japan,Asia
149,0101000020E610000000000040D473614000000040FCB74140,Yokohama,Japan,Asia
151,0101000020E610000000000000C02160400000000035944140,Pusan,Korea Rep,Asia
152,0101000020E610000000000080751D614000000080D4934140,Nagoya,Japan,Asia
154,0101000020E61000000000008027F86040000000202B814140,Kyoto,Japan,Asia
155,0101000020E6100000000000E012695C40000000C0FB604140,Zhengzhou,China,Asia
156,0101000020E610000000000020ED5B4240000000A0EF5D4140,Homs,Syria,Asia
157,0101000020E6100000000000801E175C40000000C0EE554140,Luoyang,China,Asia
158,0101000020E6100000000000A09CF060400000000059514140,Osaka,Japan,Asia
159,0101000020E6100000000000A0C0485140000000C0F4434140,Kabul,Afghanistan,Asia
160,0101000020E6100000000000A03B8E6040000000C053304140,Hiroshima,Japan,Asia
161,0101000020E61000000000000089385B400000006002224140,Xian,China,Asia
164,0101000020E610000000000000E043524000000060ECDB4040,Islamabad,Pakistan,Asia
165,0101000020E6100000000000C0CC425240000000008BCD4040,Rawalpindi,Pakistan,Asia
166,0101000020E6100000000000401F2842400000008078C24040,Damascus,Syria,Asia
168,0101000020E610000000000040EC324640000000C0C1AA4040,Baghdad,Iraq,Asia
170,0101000020E6100000000000A0EFD64940000000C060534040,Esfahan,Iran,Asia
171,0101000020E6100000000000C035B15D40000000E030064040,Nanjing,China,Asia
172,0101000020E61000000000008069F74140000000C00AF33F40,Amman,Jordan,Asia
173,0101000020E610000000000080C7B752400000000082A13F40,Amritsar,India,Asia
174,0101000020E6100000000000A0CD955240000000A0888B3F40,Lahore,Pakistan,Asia
175,0101000020E6100000FFFFFF5F57455240FFFFFFFFB0683F40,Faisalabad,Pakistan,Asia
176,0101000020E6100000FFFFFFFF3F5E5E40FFFFFF5F743F3F40,Shanghai,China,Asia
177,0101000020E6100000000000C08F045A40000000A089AB3E40,Chengdu,China,Asia
178,0101000020E6100000000000C0DE915C40010000408F923E40,Wuhan,China,Asia
179,0101000020E61000000000000064E14740000000C0E4803E40,Al Basra,Iraq,Asia
180,0101000020E6100000000000A0900A5E4000000000AC403E40,Hangzhou,China,Asia
184,0101000020E61000000000002074C856400100008094A63D40,Lhasa,China,Asia
185,0101000020E6100000000000C073A15A40010000604A8B3D40,Chongqing,China,Asia
187,0101000020E610000000000020ECF85C40FFFFFF5FD6AB3C40,Nanchang,China,Asia
188,0101000020E610000000000040DF4D53400000000098913C40,New Delhi,India,Asia
189,0101000020E6100000000000205C4E534000000000C6863C40,Delhi,India,Asia
190,0101000020E6100000000000A0FB3D5C40000000A098323C40,Changsha,China,Asia
191,0101000020E61000000000006007545540000000C046B63B40,Kathmandu,Nepal,Asia
192,0101000020E610000000000080B56A5640000000A04E713B40,Thimbu,Bhutan,Asia
193,0101000020E61000000000002048F35240FFFFFF7FB5E73A40,Jaipur,India,Asia
194,0101000020E6100000000000C0DC3A54400000002074D93A40,Lucknow,India,Asia
195,0101000020E6100000FFFFFFBFD1AC5A40000000C06A923A40,Guiyang,China,Asia
196,0101000020E6100000000000E057145440FFFFFF5F34753A40,Kanpur,India,Asia
197,0101000020E6100000FFFFFFDF6CD35D40000000202E123A40,Fuzhou,China,Asia
200,0101000020E610000000000080A948554000000060289D3940,Patna,India,Asia
201,0101000020E61000000000004074175140000000E053613940,Hyderabad,Pakistan,Asia
202,0101000020E6100000FFFFFF9F34BD5440000000E031483940,Benares,India,Asia
203,0101000020E6100000FFFFFF5FA5BF4940000000E021343940,Doha,Qatar,Asia
204,0101000020E6100000000000A0EFAC594000000080100D3940,Kunming,China,Asia
205,0101000020E6100000000000406E605E40000000C0FB083940,Taipei,Taiwan,Asia
206,0101000020E6100000FFFFFFDFE52A5E40000000C0C5243840,T`ai-chung,Taiwan,Asia
207,0101000020E6100000000000A00E9A564000000040BDB53740,Dhaka,Bangladesh,Asia
208,0101000020E610000000000080CA525C4000000040A0183740,Guangzhou,China,Asia
209,0101000020E61000000000008047245240000000C02F0A3740,Ahmadabad,India,Asia
210,0101000020E610000000000040BA635640000000C0B7D73640,Khulna,Bangladesh,Asia
211,0101000020E6100000000000E06315564000000040258B3640,Calcutta,India,Asia
213,0101000020E6100000000000C06205584000000080D7F93540,Mandalay,Burma,Asia
214,0101000020E6100000000000A04CE84340000000E0686D3540,Mecca,Saudi Arabia,Asia
215,0101000020E610000000000000B4C55340000000C0DF273540,Nagpur,India,Asia
216,0101000020E61000000000006079745A40000000C02D083540,Hanoi,Vietnam,Asia
217,0101000020E6100000000000C081AB5A400000000082DC3440,Haiphong,Vietnam,Asia
223,0101000020E6100000000000A08B765240000000C026893240,Pune,India,Asia
227,0101000020E6100000000000C00A9F53400000000001653140,Hyderabad,India,Asia
228,0101000020E610000000000040FE075840FFFFFFFF49DF3040,Rangoon,Burma,Asia
229,0101000020E6100000FFFFFFFFD01A4640000000400FB92E40,Sanaa,Yemen,Asia
232,0101000020E6100000FFFFFFDF5E235940FFFFFF7FBB7D2B40,Bangkok,Thailand,Asia
235,0101000020E610000000000060DC0F5440000000607D1F2A40,Madras,India,Asia
236,0101000020E6100000000000609D6553400000008012F32940,Bangalore,India,Asia
239,0101000020E6100000000000C0713A5A40FFFFFF1F25212740,Phnom Penh,Cambodia,Asia
240,0101000020E6100000000000A065AA5A4000000080B3842540,Ho Chi Minh City,Vietnam,Asia
245,0101000020E6100000FFFFFF5FCA875340FFFFFFFFF5D32340,Madurai,India,Asia
247,0101000020E6100000FFFFFF7F46675F400000008000521C40,Davao,Philippines,Asia
255,0101000020E6100000FFFFFFFF3CAB5840FFFFFF5F93AE0C40,Medan,Indonesia,Asia
257,0101000020E6100000FFFFFF7F4A6D594000000080A1330940,Kuala Lumpur,Malaysia,Asia
266,0101000020E610000000000080D7E65A40FFFFFF1F54A61BC0,Bandung,Indonesia,Asia
302,0101000020E6100000000000A0D1E56040FFFFFFBFF8544140,Kobe,Japan,Asia
303,0101000020E610000000000000D49C4140FFFFFF3F14C63F40,Jerusalem,Israel,Asia
309,0101000020E610000000000060264A604000000000ABA74040,Fukuoka,Japan,Asia
310,0101000020E6100000000000C0845960400000006047D74040,Kita Kyushu,Japan,Asia
313,0101000020E6100000FFFFFF3FAD343B40000000802E384340,Izmir,Turkey,Asia
316,0101000020E6100000FFFFFF3FCCB05A40FFFFFF3FF52C19C0,Jakarta,Indonesia,Asia
317,0101000020E6100000000000C06E9C5B40FFFFFF3F831C1CC0,Semarang,Indonesia,Asia
320,0101000020E6100000FFFFFFBFC81B5E4000000040FD124240,Qingdao,China,Asia
321,0101000020E6100000FFFFFFFF88AB59400000008071003240,Vientiane,Laos,Asia
325,0101000020E6100000000000004DB140400000000021954140,Nicosia,Cyprus,Asia
352,0101000020E6100000FFFFFF3FE11A4F4000000040E13A4140,Herat,Afghanistan,Asia
354,0101000020E61000000000000000005340000000A070BD4340,Kashi,China,Asia
355,0101000020E610000000000080EB615E4000000040E1FA3840,Chingmei,Taiwan,Asia
356,0101000020E6100000000000C0CCEC5A4000000080C2753040,Hue,Vietnam,Asia
357,0101000020E6100000FFFFFF1F859B5B40000000000000F83F,Kuching,Malaysia,Asia
358,0101000020E6100000FFFFFF3F0A375D4000000000295CF3BF,Balikpapan,Indonesia,Asia
359,0101000020E6100000FFFFFFFFFFAF5B40000000803D2A4940,Chatanga,Russia,Asia
360,0101000020E6100000000000C01E655C400000006066064A40,Chita,Russia,Asia
361,0101000020E6100000000000C01EAD6040000000C01EE55040,Verkhoyvensk,Russia,Asia
362,0101000020E6100000000000608F3A6040000000A047014F40,Yakutsk,Russia,Asia
365,0101000020E61000000000000000D8614000000040E17A4740,Yuzhno-Sakhalinsk,Russia,Asia
376,0101000020E61000000000004042EE5D400000002000C314C0,Vjuag Padang,Indonesia,Asia
377,0101000020E610000000000080032A604000000040A9170BC0,Ambon,Indonesia,Asia
378,0101000020E6100000000000C01DB15F40FFFFFF1F73CB4240,Inch`on,Korea Rep,Asia
379,0101000020E6100000000000E048665E40000000400F844340,Dalian,China,Asia
389,0101000020E6100000FFFFFF9F99D9434000000080146E3840,Al Madinah,Saudi Arabia,Asia
405,0101000020E6100000000000C0074B5240000000E09B0B3340,Bombay,India,Asia
410,0101000020E61000000000000000405840FFFFFF1FAEE74740,Uliastay,Mongolia,Asia
412,0101000020E6100000FFFFFF5FE3BD5C400000006064BB1340,Bandar Seri Begawan,Brunei,Asia
416,0101000020E6100000000000802A246640FFFFFF3F9C195040,Anadyr,Russia,Asia
419,0101000020E6100000000000A0709561400000000000604440,Aomori,Japan,Asia
426,0101000020E6100000000000E064215340FFFFFF9FD9F92340,Cochin,India,Asia
432,0101000020E610000000000060042359400000006066661540,George Town,Malaysia,Asia
437,0101000020E6100000FFFFFF3F33A355400000006066D65040,Igarka,Russia,Asia
443,0101000020E6100000FFFFFF5F97385F4000000040ACB8F63F,Manado,Indonesia,Asia
444,0101000020E6100000000000E04BCA5240FFFFFF5F66E62940,Mangalore,India,Asia
451,0101000020E61000000000006066065640000000C01E555140,Noril`sk,Russia,Asia
453,0101000020E610000000000040E1CA5540000000A099D94A40,Novokuznetsk,Russia,Asia
455,0101000020E610000000000060671E594000000040CE5CEDBF,Padang,Indonesia,Asia
456,0101000020E6100000000000C01E355A4000000000000008C0,Palembang,Indonesia,Asia
458,0101000020E6100000000000400AD76340000000A099994A40,Petropavloski-Kamchatskiy,Russia,Asia
465,0101000020E6100000000000C01EA55040000000E07AA45040,Salekhard,Russia,Asia
475,0101000020E61000000000000000186040000000C0CCEC5140,Tiksi,Russia,Asia
478,0101000020E6100000FFFFFFBF1ED554400000000000C03140,Vishakhapatnam,India,Asia
480,0101000020E6100000000000A099394B40000000E051F83F40,Yazd,Iran,Asia
481,0101000020E6100000000000803D6A4E40000000A099993D40,Zahedan,Iran,Asia
484,0101000020E6100000000000005B004840000000E0EA313D40,Al Kuwayt,Kuwait,Asia
486,0101000020E6100000000000608F6247400000006066A63840,Ar Riyad,Saudi Arabia,Asia
490,0101000020E610000000000060B87E5B400000004033534440,Baotou,China,Asia
494,0101000020E6100000FFFFFF7F37D4414000000000D7E34040,Beirut,Lebanon,Asia
502,0101000020E6100000000000804CF5564000000040E17A3640,Chittagong,Bangladesh,Asia
503,0101000020E610000000000040A7055440FFFFFFDF7A141C40,Colombo,Sri Lanka,Asia
507,0101000020E6100000000000A099395140000000E0A3504340,Dushanfe,Tajikistan,Asia
511,0101000020E6100000FFFFFF9F47B15240000000E0A3704540,Frunze,Kyrgyzstan,Asia
517,0101000020E610000000000080C8AF434000000060B89E3540,Jiddah,Saudi Arabia,Asia
520,0101000020E6100000000000E0DA155E40FFFFFFFF64AC3640,Kao-Hsiung,Taiwan,Asia
521,0101000020E610000000000080EBC15040000000A099D93840,Karachi,Pakistan,Asia
522,0101000020E6100000000000803DE2604000000000D7434840,Khabarovsk,Russia,Asia
539,0101000020E610000000000020194B5E40000000A099192D40,Manila,Philippines,Asia
541,0101000020E6100000FFFFFF3F51504D400000008042843740,Masqat,Oman,Asia
561,0101000020E6100000000000C0436D6240000000A0991923C0,Port Moresby,Papua N Guin,Asia
563,0101000020E61000000000000000605040010000A099993F40,Qandahar,Afghanistan,Asia
564,0101000020E610000000000080EB415E40000000C0CC4C2D40,Quezon City,Philippines,Asia
570,0101000020E6100000000000C0F5484A40010000A047A13D40,Shiraz,Iran,Asia
572,0101000020E6100000000000C0CC2B5C40000000A099991DC0,Surabaja,Indonesia,Asia
573,0101000020E6100000FFFFFF5FB80E5E4000000020852B3740,T`ai-nan,Taiwan,Asia
575,0101000020E6100000000000C0AC6D4140FFFFFF7FCDEA3F40,Tel Aviv-Yafo,Israel,Asia
577,0101000020E6100000000000406456514000000040BC9F4440,Toshkent,Uzbekistan,Asia
578,0101000020E6100000000000A0E700424000000040002C4140,Tripoli,Lebanon,Asia
581,0101000020E6100000000000E0BB7E6040000000E0A3904540,Vladivostok,Russia,Asia
588,0101000020E610000000000040444F4B40000000006B3C3840,Abu Zaby,Untd Arab Em,Asia
604,0101000020E61000000000004053895C4000000000AC6D3640,Hong Kong,UK,Asia
605,0101000020E610000000000040BA8E5C40000000E040613640,Kowloon,UK,Asia
137,0101000020E6100000000000C0F8542440FFFFFFDFCE684240,Tunis,Tunisia,Africa
162,0101000020E6100000000000E070FB13C0000000A093054140,Fes,Morocco,Africa
181,0101000020E61000000100004034403F40FFFFFFFFF1133E40,Cairo,Egypt,Africa
220,0101000020E6100000000000C01E9C4240000000609F9D3340,Bur Sudan,Sudan,Africa
234,0101000020E6100000000000C0E7AA0040FFFFFFBF86352B40,Niamey,Niger,Africa
237,0101000020E6100000FFFFFF3F28F21FC0000000804F4E2940,Bamako,Mali,Africa
246,0101000020E6100000000000C087290F40000000C0EE831D40,Ibadan,Nigeria,Africa
248,0101000020E6100000FFFFFFDFE3F71D40000000005ACD1940,Enugu,Nigeria,Africa
250,0101000020E6100000000000A0DDB7C9BFFFFFFFDFF73B1640,Accra,Ghana,Africa
251,0101000020E610000000000080691610C000000060A74C1540,Abidjan,Ivory Coast,Africa
253,0101000020E6100000000000A0F58F324000000000A3761140,Bangui,Cent Af Rep,Africa
254,0101000020E610000000000000FC062740FFFFFF9FC5EB0E40,Yaounde,Cameroon,Africa
258,0101000020E6100000FFFFFFDF0CAC4640000000E054540040,Muqdisho,Somalia,Africa
259,0101000020E6100000000000C03632394000000060FB9DE03F,Kisangani,Zaire,Africa
263,0101000020E6100000FFFFFFFFFE912E4000000000082411C0,Brazzaville,Congo,Africa
264,0101000020E6100000000000801C673640000000C09F9117C0,Kananga,Zaire,Africa
265,0101000020E6100000000000C06DA04340000000C0F9441BC0,Dar es Salaam,Tanzania,Africa
268,0101000020E6100000000000C004EE2A40FFFFFFFF7A6F29C0,Benguela,Angola,Africa
279,0101000020E61000000000002078CB39400000004054A938C0,Gaborone,Botswana,Africa
281,0101000020E610000000000040E7373C400000008039BB39C0,Pretoria,South Africa,Africa
282,0101000020E6100000000000C06E494040000000C04FF639C0,Maputo,Mozambique,Africa
283,0101000020E6100000000000601A013C4000000020D02D3AC0,Johannesburg,South Africa,Africa
285,0101000020E61000000000004033F13E40000000801CD63DC0,Durban,South Africa,Africa
292,0101000020E6100000FFFFFFFFFA7B394000000080D7F040C0,Port Elizabeth,South Africa,Africa
301,0101000020E610000000000080BD842540000000C0635F4140,Sfax,Tunisia,Africa
311,0101000020E6100000FFFFFF3F4D7B2E40000000C051352840,N'Djamena,Chad,Africa
312,0101000020E6100000FFFFFFFF736C2A400000000035604040,Tripoli,Libya,Africa
314,0101000020E61000000100004047F02E40000000C0008E11C0,Kinshasa,Zaire,Africa
324,0101000020E61000000000002099883D400000006015270AC0,Bujumbura,Burundi,Africa
326,0101000020E610000000000000D2FD3D40FFFFFFFF87F100C0,Kigali,Rwanda,Africa
328,0101000020E6100000FFFFFF7FF0E33B40FFFFFFBFB7413DC0,Maseru,Lesotho,Africa
343,0101000020E6100000000000E07A1408C0000000608FC23040,Tombouctoo,Mali,Africa
344,0101000020E6100000000000C01E852A40000000608FC22740,Maiduguri,Niger,Africa
345,0101000020E61000000000006066E62A40000000A0703D17C0,Matadi,Zaire,Africa
346,0101000020E6100000000000205C8F2F4000000080C27529C0,Huambo,Angola,Africa
347,0101000020E6100000000000E07AD43840000000C0F5A83CC0,Kimberley,South Africa,Africa
348,0101000020E61000000000006066E63B40FFFFFFFFD68340C0,East London,South Africa,Africa
349,0101000020E6100000000000000000334001000080EB511DC0,Kahemba,Zaire,Africa
350,0101000020E61000000000000000E04140000000E051B818C0,Dodoma,Tanzania,Africa
374,0101000020E6100000000000A05D0F0540000000C085671A40,Porto Novo,Benin,Africa
375,0101000020E6100000000000E0A969234000000000EE8B1040,Douala,Cameroon,Africa
386,0101000020E6100000000000608F423A400100006066263DC0,Bloemfontein,South Africa,Africa
387,0101000020E6100000FFFFFF7FC2B53C4000000040333334C0,Bulawayo,Zimbabwe,Africa
388,0101000020E6100000FFFFFF9F47E13940000000E07AD431C0,Livingstone,Zambia,Africa
390,0101000020E610000000000020AE473F40000000608FC23540,Wadi Halfa,Sudan,Africa
391,0101000020E6100000000000A099794040000000E07A143840,Aswan,Egypt,Africa
392,0101000020E610000000000080EBD12B40FFFFFFBFF5E83940,Murzuq,Libya,Africa
393,0101000020E610000000000080EB5120C0FFFFFF3F33B33B40,Tindouf,Algeria,Africa
394,0101000020E61000000100002085EB1F4000000080C2F53040,Agadez,Niger,Africa
395,0101000020E6100000FFFFFFBFF5283E4000000000295C2A40,El Obeid,Sudan,Africa
396,0101000020E610000000000080C2753240FFFFFF9F9999A93F,Mbandaka,Zaire,Africa
402,0101000020E610000000000020AE474040FFFFFF7FC2F53D40,Suez,Egypt,Africa
403,0101000020E6100000000000C051FA3D400000004019133F40,Alexandria,Egypt,Africa
404,0101000020E6100000000000A099594440000000A099192EC0,Mocambique,Mozambique,Africa
406,0101000020E61000000000006015F30740000000E0594C4240,Algiers,Algeria,Africa
413,0101000020E6100000000000209F7E30C0000000C0FAE32A40,Banjul,Gambia,Africa
420,0101000020E610000000000060054F3440000000C082054040,Banghazi,Libya,Africa
430,0101000020E6100000000000C0CC8C4540FFFFFFFFFFFF2640,Djibouti,Djibouti,Africa
438,0101000020E6100000FFFFFF9F703D04400000004033333B40,In Salah,Algeria,Africa
440,0101000020E6100000FFFFFFFFFFFF3D40000000C0CCCC13C0,Kigoma,Tanzania,Africa
442,0101000020E610000000000000295C2AC00000000000003B40,Laayoune,W Sahara,Africa
445,0101000020E610000000000000000020C0FFFFFF5F66263F40,Marrakech,Morocco,Africa
446,0101000020E6100000010000E0F8303F4000000060AA4D3AC0,Mbabne,Swaziland,Africa
460,0101000020E610000000000060BE1D284000000080098E12C0,Pointe Noire,Congo,Africa
461,0101000020E610000000000020834E2240000000A0703DEABF,Port Gentil,Gabon,Africa
464,0101000020E6100000000000203F4C30C00000000005E72F40,Saint Louis,Senegal,Africa
473,0101000020E61000000000004033331640FFFFFFDF7AD43640,Tamanrasset,Algeria,Africa
476,0101000020E6100000000000A071024640FFFFFF9F474A37C0,Toliara,Madagascar,Africa
483,0101000020E6100000000000A099594340000000205C0F2240,Adis Abeba,Ethiopia,Africa
485,0101000020E61000000000000000C0474000000060B8DE32C0,Antananarivo,Madagascar,Africa
487,0101000020E610000000000000297C4340FFFFFFBFF5A82E40,Asmara,Eritrea,Africa
493,0101000020E610000000000040F7824140000000C0EFC433C0,Beira,Mozambique,Africa
497,0101000020E6100000FFFFFFBFCC4C2FC0000000406DD22740,Bissau,GuineaBissau,Africa
498,0101000020E610000000000020C0B03240000000C0E9E640C0,Cape Town,South Africa,Africa
500,0101000020E610000000000000E9221EC000000040AFC54040,Casablanca,Morocco,Africa
504,0101000020E6100000FFFFFF9F999929C0000000803D0A2340,Conakry,Guinea,Africa
505,0101000020E6100000000000C01CD930C0000000608F422D40,Dakar,Senegal,Africa
509,0101000020E6100000FFFFFF9F99D93E40FFFFFFDF51783E40,El-Giza,Egypt,Africa
510,0101000020E6100000000000C00FD229C000000080FAC32040,Freetown,Sierra Leone,Africa
515,0101000020E6100000FFFFFFBF1E053F40000000E07AD431C0,Harare,Zimbabwe,Africa
518,0101000020E6100000000000803D4A4040FFFFFF3FE17AD43F,Kampala,Uganda,Africa
519,0101000020E6100000FFFFFF7F3D0A2140000000400AD72740,Kano,Nigeria,Africa
523,0101000020E610000000000000D7434040000000A099192F40,Khartoum,Sudan,Africa
526,0101000020E61000000000006066660A40FFFFFFBFCCCC1940,Lagos,Nigeria,Africa
528,0101000020E6100000000000201DFB2240000000C0F321E0BF,Libreville,Gabon,Africa
529,0101000020E6100000000000C0F5E84040000000400AD72BC0,Lilongwe,Malawi,Africa
533,0101000020E6100000000000A09999F53FFFFFFF5FB81E1940,Lome,Togo,Africa
535,0101000020E6100000000000406EEC2A4000000000000022C0,Luanda,Angola,Africa
536,0101000020E6100000000000C0CC8C3B4000000000295C27C0,Lumumbashi,Zaire,Africa
537,0101000020E6100000FFFFFF1F852B3C40FFFFFFFF28DC2EC0,Lusaka,Zambia,Africa
538,0101000020E6100000FFFFFFFFD6A321400000008050280D40,Malabo,Eq Guinea,Africa
543,0101000020E610000000000080C2D54340000000E07A1410C0,Mombasa,Kenya,Africa
544,0101000020E6100000000000803D8A25C0FFFFFF9FDB111A40,Monrovia,Liberia,Africa
547,0101000020E6100000FFFFFF7F3D6A4240000000E051B8F2BF,Nairobi,Kenya,Africa
551,0101000020E610000000000020D3902FC000000020AE073240,Nouakchott,Mauritania,Africa
553,0101000020E6100000000000A0703D4040000000A0703D2F40,Omdurman,Sudan,Africa
554,0101000020E610000000000000D7A3E0BF0000000000E04140,Oran,Algeria,Africa
556,0101000020E6100000000000E051B8FABF00000080C2F52840,Ouagadouou,Burkina Faso,Africa
565,0101000020E610000000000060FEFD1AC000000000C9F54040,Rabat,Morocco,Africa
582,0101000020E6100000FFFFFF1FF53B2D4000000000141A37C0,Walvis Bay,Namibia,Africa
583,0101000020E6100000000000A09919314000000080EB9136C0,Windhoek,Namibia,Africa
591,0101000020E6100000000000E0FEA22340FFFFFF7F7B233E40,Ghadamis,Libya,Africa
1,0101000020E610000000000060038B4040000000C0AA3D5140,Murmansk,Russia,Europe
2,0101000020E610000000000060B5524440000000A052215040,Arkhangelsk,Russia,Europe
3,0101000020E6100000010000400D743E40FFFFFF7FD7F94D40,Saint Petersburg,Russia,Europe
5,0101000020E610000000000060C11D4C40010000C007004D40,Perm',Russia,Europe
7,0101000020E6100000FFFFFFDF67F845400000002014254C40,Nizhniy Novgorod,Russia,Europe
8,0101000020E6100000000000206D1411C00000008070EE4B40,Glasgow,UK,Europe
9,0101000020E6100000000000A09E92484000000020D3DD4B40,Kazan',Russia,Europe
13,0101000020E6100000000000E04D0C4C40FFFFFF9F2E694B40,Ufa,Russia,Europe
14,0101000020E6100000FFFFFFBFA5463940FFFFFFFF22584B40,Vilnius,Lithuania,Europe
15,0101000020E6100000000000007EA317C000000060204B4B40,Belfast,UK,Europe
16,0101000020E610000000000040FC9F3240000000C0DF2E4B40,Gdansk,Poland,Europe
17,0101000020E61000000000006058933B400000002031F34A40,Minsk,Byelarus,Europe
18,0101000020E610000000000060DFF5F7BF000000E083E74A40,Leeds,UK,Europe
19,0101000020E610000000000060220E2440000000801AC94A40,Hamburg,Germany,Europe
20,0101000020E6100000000000601F1802C0000000A065BD4A40,Manchester,UK,Europe
21,0101000020E6100000000000606768F7BF000000A0E0AF4A40,Sheffield,UK,Europe
22,0101000020E6100000000000E0850719C000000040B8AB4A40,Dublin,Ireland,Europe
23,0101000020E6100000000000A04F0C494000000080BD914A40,Samara,Russia,Europe
24,0101000020E6100000000000C01AB72140FFFFFFDF408A4A40,Bremen,Germany,Europe
25,0101000020E6100000FFFFFF9FB7A72A400000004015424A40,Berlin,Germany,Europe
26,0101000020E6100000000000C045D0FDBF00000080123F4A40,Birmingham,UK,Europe
27,0101000020E6100000000000204F941340000000E0BF2F4A40,Amsterdam,Netherlands,Europe
29,0101000020E6100000000000800A033540000000605A1F4A40,Warsaw,Poland,Europe
30,0101000020E6100000000000C0CBF01140000000E079F64940,Rotterdam,Netherlands,Europe
31,0101000020E6100000FFFFFFFFF77933400000008092E34940,Lodz,Poland,Europe
32,0101000020E6100000000000C09CDD1D40FFFFFF9FC4C14940,Dortmund,Germany,Europe
33,0101000020E610000000000060E9191B40FFFFFF9FA2BE4940,Duisburg,Germany,Europe
34,0101000020E6100000FFFFFF7FA4C8C6BF000000E073BE4940,London,UK,Europe
35,0101000020E6100000000000A05F7D1C400000004051AD4940,Essen,Germany,Europe
36,0101000020E610000000000060D0CB2840000000E0B6AC4940,Leipzig,Germany,Europe
37,0101000020E6100000000000A047B41140FFFFFF5F8A9A4940,Antwerpen,Belgium,Europe
38,0101000020E6100000000000C0C2093140FFFFFFBF978F4940,Wroclaw,Poland,Europe
39,0101000020E6100000000000A0ECE30D400000004016864940,Gent,Belgium,Europe
40,0101000020E6100000000000A024692B40FFFFFFDFD8854940,Dresden,Germany,Europe
42,0101000020E6100000000000004FBD1B40000000C09E784940,Koln,Germany,Europe
43,0101000020E6100000000000606F78114000000060246B4940,Bruxelles,Belgium,Europe
44,0101000020E6100000000000E036661C40FFFFFFFF055E4940,Bonn,Germany,Europe
45,0101000020E610000000000060D2800840FFFFFF1FE8504940,Lille,France,Europe
46,0101000020E6100000000000201A47164000000000AF4F4940,Liege,Belgium,Europe
47,0101000020E6100000010000608A803E40000000405D394940,Kiev,Ukraine,Europe
48,0101000020E6100000000000001A562140FFFFFFBFA3104940,Frankfurt am Main,Germany,Europe
49,0101000020E6100000FFFFFFFFBCE92C40000000008E0D4940,Praha,Czech Repub,Europe
50,0101000020E6100000FFFFFF3FEFF13340FFFFFF7FF7074940,Krakow,Poland,Europe
53,0101000020E610000000000060D6083840000000002DEB4840,Lvov,Ukraine,Europe
54,0101000020E610000000000040C29D304000000040FB994840,Brno,Czech Repub,Europe
55,0101000020E61000000000000071760340FFFFFFBFD6704840,Paris,France,Europe
56,0101000020E6100000000000A0E73D4640FFFFFF5FE95A4840,Volgograd,Russia,Europe
57,0101000020E6100000FFFFFF1F6D121F4000000000AE4A4840,Strasbourg,France,Europe
58,0101000020E6100000000000407A962C40FFFFFF9F17264840,Linz,Austria,Europe
59,0101000020E6100000000000202C52304000000000DF194840,Vienna,Austria,Europe
60,0101000020E610000000000000FE152740000000800B124840,Munchen,Germany,Europe
61,0101000020E6100000000000C057DE4240FFFFFF7F23054840,Donets'k,Ukraine,Europe
63,0101000020E6100000000000C02018334000000040DFC14740,Budapest,Hungary,Europe
65,0101000020E6100000000000E030B32640000000A0FAA14740,Innsbruck,Austria,Europe
66,0101000020E6100000FFFFFF9F11D8434000000060B59D4740,Rostov-na-Donu,Russia,Europe
67,0101000020E6100000000000A027FCF8BF00000060169C4740,Nantes,France,Europe
68,0101000020E610000001000040B9DC2E40000000604F884740,Graz,Austria,Europe
69,0101000020E6100000000000206FC81D40000000E05E794740,Bern,Switzerland,Europe
71,0101000020E6100000FFFFFF7F16AF3E40000000E03D494740,Odessa,Ukraine,Europe
73,0101000020E610000000000020EE6B134000000060A0DF4640,Lyon,France,Europe
75,0101000020E61000000000008084612240000000C097BC4640,Milano,Italy,Europe
76,0101000020E610000000000000CFBD2840000000005FB64640,Venezia,Italy,Europe
78,0101000020E6100000FFFFFF9F6BAA1E400000008095894640,Torino,Italy,Europe
80,0101000020E610000000000000182FE3BF00000060B56B4640,Bordeaux,France,Europe
81,0101000020E6100000000000409D693440000000005C664640,Beograd,Serbia,Europe
82,0101000020E6100000000000607B1F3A40000000201A374640,Bucuresti,Romania,Europe
86,0101000020E6100000000000A05D6A2640FFFFFF9F0AE44540,Firenze,Italy,Europe
88,0101000020E610000000000080FA01F73F00000080CBCC4540,Toulouse,France,Europe
89,0101000020E6100000000000E04ECA07C0000000C01DA44540,Bilbao,Spain,Europe
95,0101000020E6100000FFFFFF7FF5543740000000A0875A4540,Sofiya,Bulgaria,Europe
102,0101000020E610000000000080411AECBF000000A05CD34440,Zaragoza,Spain,Europe
104,0101000020E610000000000020F1D43340000000A073AA4440,Tirane,Albania,Europe
109,0101000020E6100000010000001B870DC0000000A09A384440,Madrid,Spain,Europe
119,0101000020E6100000000000407F83D7BF0000000047BC4340,Valencia,Spain,Europe
121,0101000020E610000000000000C337224000000080D19C4340,Cagliari,Italy,Europe
134,0101000020E6100000FFFFFFBF21E217C0000000E0B2AF4240,Sevilla,Spain,Europe
300,0101000020E61000000000000009FA38400000006024194E40,Helsinki,Finland,Europe
307,0101000020E610000000000080E8630AC00000004008F04B40,Edinburgh,UK,Europe
308,0101000020E6100000000000E09CDD2B40000000E0A2D94640,Trieste,Italy,Europe
322,0101000020E6100000000000408A2E2A40000000C08CE64740,Salzburg,Austria,Europe
323,0101000020E610000000000000C4ED2F40000000404EE74640,Zagreb,Croatia,Europe
327,0101000020E6100000000000407B472D4000000020BE084740,Ljubljana,Slovenia,Europe
329,0101000020E610000000000060D0171940000000A0C5DE4840,Luxembourg,Luxembourg,Europe
330,0101000020E6100000000000E0D6331140000000E0A9F34940,The Hague,Netherlands,Europe
331,0101000020E610000000000000124531400000002023234840,Bratislava,Slovakia,Europe
351,0101000020E6100000000000C0CC4C3140FFFFFF5F66165140,Narvik,Norway,Europe
353,0101000020E6100000FFFFFFFFFFDF4240FFFFFFDFA3F04B40,Druzba,Russia,Europe
364,0101000020E610000000000000D7C34640FFFFFF7F3D0A4940,Nikolayevsk,Russia,Europe
407,0101000020E610000000000000AA1A4240FFFFFF9FADFE4840,Kharkov,Ukraine,Europe
408,0101000020E610000000000080A6914140FFFFFF3F21364840,Dnepropetrovsk,Ukraine,Europe
409,0101000020E6100000FFFFFFBF86C03840FFFFFF7F87A34D40,Tallinn,Estonia,Europe
436,0101000020E61000000000000006E83740FFFFFF7F0B995140,Hammerfest,Norway,Europe
441,0101000020E610000000000000008047400000004033934E40,Kotlas,Russia,Europe
457,0101000020E61000000000006017E235400000002014124340,Patrai,Greece,Europe
459,0101000020E610000000000060666633400000000000404540,Podgorica,Montenegro,Europe
468,0101000020E610000000000080146E3240FFFFFF1F5CEF4540,Sarajevo,Bosnia/Herz,Europe
472,0101000020E610000000000020AE8735400000000000004540,Skopje,Macedonia,Europe
479,0101000020E6100000000000C01E1550400000004033F35040,Vorkuta,Russia,Europe
489,0101000020E610000000000020A5A73740000000A0900F4340,Athinai,Greece,Europe
491,0101000020E610000000000000295C014000000000D7C34440,Barcelona,Spain,Europe
496,0101000020E6100000FFFFFF5F74F61540FFFFFFBFCC2C4E40,Bergen,Norway,Europe
499,0101000020E6100000FFFFFF3F333309C0FFFFFFFFFFBF4940,Cardiff,UK,Europe
512,0101000020E61000000000002037D8214000000060403A4640,Genova,Italy,Europe
514,0101000020E61000000000000000002840FFFFFFFFFFDF4C40,Goteborg,Sweden,Europe
524,0101000020E6100000000000E07AD43C400000000000804740,Kishinev,Moldova,Europe
525,0101000020E6100000000000A099192940FFFFFFFF28DC4B40,Kobenhavn,Denmark,Europe
527,0101000020E6100000FFFFFFBFF528CC3F0000008079A94840,Le Havre,France,Europe
531,0101000020E6100000000000608F4222C0000000A0705D4340,Lisboa,Portugal,Europe
532,0101000020E6100000000000207B2206C0000000A01AB64A40,Liverpool,UK,Europe
540,0101000020E6100000000000C01E8515400000006066A64540,Marseille,France,Europe
546,0101000020E6100000000000A099D942400000000000E04B40,Moskva,Russia,Europe
555,0101000020E6100000000000E0A3702540000000400AF74D40,Oslo,Norway,Europe
562,0101000020E6100000FFFFFF5FD4F920C00000004033934440,Porto,Portugal,Europe
566,0101000020E6100000000000E0395635C0000000800C145040,Reykjavik,Iceland,Europe
567,0101000020E6100000000000C0CC0C3840000000E0A3704C40,Riga,Latvia,Europe
568,0101000020E6100000FFFFFF7F3D0A2940000000E0A3F04440,Roma,Italy,Europe
571,0101000020E6100000000000A09215324000000020509F4D40,Stockholm,Sweden,Europe
576,0101000020E6100000000000C0CCCC3640000000E0A3504440,Thessaloniki,Greece,Europe
590,0101000020E610000000000000000048400000000000204740,Astrakhan,Russia,Europe
603,0101000020E6100000FFFFFF7FEB512F40000000C0CC8C5340,Longyearbyen,Norway,Europe
41,0101000020E6100000FFFFFF3F33835CC000000000D7834940,Calgary,Canada,North America
51,0101000020E6100000FFFFFFDFF64758C0000000E0E8F54840,Winnipeg,Canada,North America
70,0101000020E610000000000000ADCF51C0FFFFFF5FAA664740,Quebec,Canada,North America
74,0101000020E610000000000080D36952C00000000040C54640,Montreal,Canada,North America
77,0101000020E6100000000000E0A5E952C000000060E6AF4640,Ottawa,Canada,North America
79,0101000020E6100000000000E0B25357C0FFFFFFBF4B764640,Minneapolis,US,North America
87,0101000020E6100000000000A068DA53C0FFFFFF1F42DC4540,Toronto,Canada,North America
91,0101000020E6100000000000E0AD6853C000000080F09A4540,Rochester,US,North America
92,0101000020E61000000000004068FF55C000000080B2884540,Milwaukee,US,North America
94,0101000020E6100000000000C04CB653C00000006007734540,Buffalo,US,North America
96,0101000020E6100000000000200DC554C0000000E078324540,Detroit,US,North America
97,0101000020E6100000000000C090C651C0000000C009304540,Boston,US,North America
99,0101000020E6100000000000200BE955C000000040CCE94440,Chicago,US,North America
103,0101000020E6100000FFFFFF7F8F6E54C00000000003B24440,Cleveland,US,North America
107,0101000020E61000000000006019F95BC0FFFFFF5FD2584440,Salt Lake City,US,North America
108,0101000020E610000000000040D0FF53C000000060A43F4440,Pittsburgh,US,North America
112,0101000020E61000000000008088BF54C0000000E0B6054440,Columbus,US,North America
114,0101000020E610000000000060F7CD52C000000000BAF64340,Philadelphia,US,North America
120,0101000020E610000000000080932753C0FFFFFF7F33A94340,Baltimore,US,North America
122,0101000020E610000000000080871E55C000000000F2924340,Cincinnati,US,North America
125,0101000020E6100000000000A019A857C0FFFFFF3F3F7F4340,Kansas City,US,North America
126,0101000020E6100000000000A00B3D53C00000006009724340,Washington D.C.,US,North America
127,0101000020E610000000000000E39556C000000000C7514340,St. Louis,US,North America
128,0101000020E6100000000000A00D5B5EC00000000094484340,Sacramento,US,North America
136,0101000020E610000000000040301153C0000000A08C704240,Norfolk,US,North America
148,0101000020E6100000FFFFFF5FF06158C0000000E0AABE4140,Oklahoma City,US,North America
150,0101000020E6100000000000E07B3554C000000020589A4140,Charlotte,US,North America
153,0101000020E610000000000060058056C000000060AF8E4140,Memphis,US,North America
163,0101000020E6100000000000C0591655C000000080D9E54040,Atlanta,US,North America
167,0101000020E6100000000000800E075CC0000000A027C14040,Phoenix,US,North America
169,0101000020E6100000000000E0792A58C0000000E0C1614040,Dallas,US,North America
182,0101000020E6100000000000E0508656C000000040D5F43D40,New Orleans,US,North America
183,0101000020E6100000000000200EDA57C0FFFFFF9F96C53D40,Houston,US,North America
186,0101000020E6100000000000A092A158C0000000600F6E3D40,San Antonio,US,North America
198,0101000020E6100000000000404B1154C00000008006D53940,Miami,US,North America
199,0101000020E6100000000000204B1459C0FFFFFFFF66AD3940,Monterrey,Mexico,North America
212,0101000020E6100000000000A0ED7558C0FFFFFF9F443E3640,Tampico,Mexico,North America
218,0101000020E610000000000020626356C00000000066D23440,Merida,Mexico,North America
219,0101000020E6100000FFFFFFBF00D659C00000008070AC3440,Guadalajara,Mexico,North America
221,0101000020E6100000000000202AC858C0000000E0526D3340,Mexico City,Mexico,North America
222,0101000020E610000000000040598C58C000000020730C3340,Puebla de Zaragoza,Mexico,North America
224,0101000020E610000000000080F51552C000000060D0863240,Port-au-Prince,Haiti,North America
225,0101000020E6100000000000803B8550C0000000C08E663240,San Juan,Puerto Rico,North America
226,0101000020E610000000000000073353C0000000C005043240,Kingston,Jamaica,North America
230,0101000020E61000000000000098A156C0000000806B3C2D40,Guatemala,Guatemala,North America
231,0101000020E610000000000080FFCC55C0FFFFFFBFB6322C40,Tegucigalpa,Honduras,North America
233,0101000020E6100000000000A0D04C56C0000000801F672B40,San Salvador,El Salvador,North America
238,0101000020E610000000000060799155C0000000E08D4D2840,Managua,Nicaragua,North America
244,0101000020E610000000000000080555C00000006067DC2340,San Jose,Costa Rica,North America
332,0101000020E6100000000000E051A85AC000000080140E4A40,Saskatoon,Canada,North America
333,0101000020E6100000FFFFFF9F99295AC0000000E07A344940,Regina,Canada,North America
334,0101000020E6100000FFFFFFBFCC9C5AC0FFFFFF1FAEC73F40,El Paso,US,North America
335,0101000020E6100000000000803D6A54C0FFFFFFDF7A543E40,Jacksonville,US,North America
336,0101000020E610000000000060B82E54C0000000803DAA4940,Moosonee,Canada,North America
337,0101000020E6100000000000E0A3C050C000000080146E4B40,Schefferville,Canada,North America
338,0101000020E61000000000006066464EC0FFFFFF1FAEA74A40,Goose Bay,Canada,North America
373,0101000020E6100000000000406CE45EC0000000E0C8534840,Victoria,Canada,North America
380,0101000020E6100000FFFFFF3F11A95EC0FFFFFFBF97B84640,Portland,US,North America
397,0101000020E6100000000000E051E060C0FFFFFF3F33534E40,Whitehorse,Canada,North America
411,0101000020E610000000000080457A51C0FFFFFF3FEE7F3240,Santo Domingo,Dominican Rp,North America
414,0101000020E610000000000060BABE4EC0000000408B472540,Port of Spain,Trinidad,North America
415,0101000020E6100000FFFFFF9F9DFB58C00000006071F93040,Acapulco,Mexico,North America
433,0101000020E6100000FFFFFFDFA3D04AC00000006085585140,Godhavn,Greenland,North America
434,0101000020E6100000000000803DCA49C0000000205B115040,Godthab,Greenland,North America
435,0101000020E6100000FFFFFF7F3DCA4FC0000000E0A3504640,Halifax,Canada,North America
439,0101000020E6100000000000A070B560C0000000A047115140,Inuvik,Canada,North America
450,0101000020E6100000000000E0A3A864C0000000A085255040,Nome,US,North America
454,0101000020E6100000000000E051B85EC0FFFFFF7FC2754740,Olympia,US,North America
462,0101000020E6100000000000E0894160C0000000C0CB354B40,Prince Rupert,Canada,North America
463,0101000020E6100000000000C0986950C00000000048AB4640,Saint John,Canada,North America
469,0101000020E6100000000000000FFF36C000000020D4A15140,Scoresbyund,Greenland,North America
470,0101000020E610000000000040C39950C0000000802A244940,Sept-Iles,Canada,North America
471,0101000020E61000000000006066AE62C0000000205C0F4E40,Seward,US,North America
474,0101000020E610000000000000004051C000000040E16A5340,Thule,Greenland,North America
495,0101000020E610000000000040333356C0FFFFFF5FB81E3140,Belmopan,Belize,North America
506,0101000020E6100000000000E07A445AC00000000000E04340,Denver,US,North America
508,0101000020E6100000FFFFFF9F47515CC0FFFFFFBFF5C84A40,Edmonton,Canada,North America
516,0101000020E610000000000020A79A54C000000020880C3740,Havana,Cuba,North America
534,0101000020E61000000000000000905DC00000000000004140,Los Angeles,US,North America
542,0101000020E6100000000000A047915AC0000000008C5C3740,Mazatlan,Mexico,North America
549,0101000020E610000000000060668652C00000000000604440,New York,US,North America
550,0101000020E6100000000000C0CC8C52C000000000295C4440,Newark,US,North America
574,0101000020E6100000FFFFFF1FF4A554C0000000E052FF3B40,Tampa,US,North America
580,0101000020E6100000FFFFFFDFA2BD5EC0000000401CA34840,Vancouver,Canada,North America
585,0101000020E61000000000000044945EC0000000C055CB4740,Seattle,US,North America
586,0101000020E6100000FFFFFF1F08485DC00000008077614040,San Diego,US,North America
593,0101000020E6100000FFFFFF5FED835CC000000080A3424F40,Yellowknife,Canada,North America
596,0101000020E61000000000000089A562C0FFFFFF9F25984E40,Anchorage,US,North America
597,0101000020E610000000000080D67462C000000000AE355040,Fairbanks,US,North America
598,0101000020E6100000000000403DC460C0010000800C324D40,Juneau,US,North America
599,0101000020E6100000000000C03C765EC00000000070A74240,San Jose,US,North America
600,0101000020E610000000000060DD7D5AC000000040E28E3C40,Chihuaha,Mexico,North America
601,0101000020E610000000000040610558C0000000207A023340,Veracruz,Mexico,North America
602,0101000020E6100000000000604A3C58C000000080C0EB3040,Oaxaca,Mexico,North America
241,0101000020E610000000000000C7E851C000000020434A2540,Maracaibo,Venezuela,South America
242,0101000020E6100000000000807DB950C000000020FAFD2440,Caracas,Venezuela,South America
243,0101000020E6100000FFFFFF5FB55551C0000000E09E212440,Barquisimeto,Venezuela,South America
249,0101000020E6100000000000E0E3E552C000000020EFF61840,Medellin,Colombia,South America
252,0101000020E610000000000020278552C00000006058851240,Bogota,Colombia,South America
256,0101000020E6100000000000A06F2153C0FFFFFFBFA3A70B40,Cali,Colombia,South America
260,0101000020E6100000000000E08DA153C0000000E03160CDBF,Quito,Ecuador,South America
261,0101000020E610000000000060414C52C0FFFFFFFFED050EC0,Iquitos,Peru,South America
262,0101000020E6100000FFFFFF1F614B43C0FFFFFF3F3E440EC0,Fortaleza,Brazil,South America
267,0101000020E6100000000000E0127541C0000000209B2B20C0,Recife,Brazil,South America
269,0101000020E6100000FFFFFF5FE9F247C0FFFFFF5F8F952FC0,Brasilia,Brazil,South America
270,0101000020E6100000000000A074E151C000000020C56530C0,Arequipa,Peru,South America
271,0101000020E6100000000000205C0951C0000000E0BE7F30C0,La Paz,Bolivia,South America
272,0101000020E6100000000000A09DA048C00000000009BA30C0,Goiania,Brazil,South America
273,0101000020E61000000000000045994FC000000040EEC931C0,Santa Cruz de La Sierra,Bolivia,South America
274,0101000020E610000000000060605050C000000060C90A33C0,Sucre,Bolivia,South America
275,0101000020E6100000000000605CF445C0000000600ADA33C0,Belo Horizonte,Brazil,South America
276,0101000020E61000000000004043BA45C000000000B9B836C0,Rio de Janeiro,Brazil,South America
277,0101000020E610000000000020BB4F47C000000060D09437C0,Sao Paulo,Brazil,South America
278,0101000020E6100000000000809D2747C00000004067F437C0,Santos,Brazil,South America
280,0101000020E6100000000000C06AA448C0FFFFFFDF336E39C0,Curitiba,Brazil,South America
286,0101000020E6100000000000609F9A49C0FFFFFFDF1E0A3EC0,Porto Alegre,Brazil,South America
287,0101000020E6100000000000C0820B50C0010000A0F7503FC0,Cordoba,Argentina,South America
288,0101000020E6100000000000E052594EC0FFFFFFFFEC9D3FC0,Santa Fe,Argentina,South America
289,0101000020E6100000000000601A3551C000000040DF7240C0,Mendoza,Argentina,South America
290,0101000020E610000000000000FC544EC0000000C0077840C0,Rosario,Argentina,South America
291,0101000020E6100000000000E070A951C0000000A0CDBC40C0,Santiago,Chile,South America
294,0101000020E6100000000000806D344DC0FFFFFFDF2B5541C0,Buenos Aires,Argentina,South America
298,0101000020E6100000FFFFFF9F14234FC0000000C0D55C43C0,Bahia Blanca,Argentina,South America
304,0101000020E610000000000000330051C0000000C03F5B2440,Valencia,Venezuela,South America
305,0101000020E6100000FFFFFF7F33FA53C0000000606AA101C0,Guayaquil,Ecuador,South America
318,0101000020E6100000000000007B3553C0000000E04A1628C0,Callao,Peru,South America
319,0101000020E6100000000000C07B2848C0000000806DAFF9BF,Belem,Brazil,South America
339,0101000020E6100000FFFFFF3F33F34FC0FFFFFFFFFF7F21C0,Porto Velho,Brazil,South America
340,0101000020E6100000000000400AF751C00000004033332BC0,Cuzco,Peru,South America
341,0101000020E61000000000006066064CC0000000A099192FC0,Cuiaba,Brazil,South America
342,0101000020E61000000000004033734DC00000006066663BC0,Resistencia,Argentina,South America
381,0101000020E610000000000000DF014EC0000000007BFA08C0,Manaus,Brazil,South America
382,0101000020E610000000000080144E4BC00000008014AE03C0,Santarem,Brazil,South America
399,0101000020E610000000000000004052C0000000A070BD44C0,Puerto Montt,Chile,South America
400,0101000020E6100000000000803D5A51C000000040E1DA49C0,Rio Gallegos,Argentina,South America
401,0101000020E61000000000000000E050C0000000803DEA46C0,Comodoro Rivadavia,Argentina,South America
418,0101000020E6100000000000C06D8E51C0FFFFFF1F21D537C0,Antofagasta,Chile,South America
422,0101000020E61000000000000000404EC00000000000000640,Boa Vista,Brazil,South America
423,0101000020E6100000000000C01EF553C000000040E17A1AC0,Chiclayo,Peru,South America
424,0101000020E610000000000060009D53C00000002036DC21C0,Chimbote,Peru,South America
427,0101000020E610000000000040813652C0000000E00F7142C0,Concepcion,Chile,South America
428,0101000020E6100000000000A047C151C0FFFFFFFFFFFF3EC0,Coquimbo,Chile,South America
448,0101000020E61000000000000000A041C000000060B81E17C0,Natal,Brazil,South America
477,0101000020E61000000000000000C053C0000000E051B81FC0,Trujillo,Peru,South America
488,0101000020E6100000FFFFFF7FC2D54CC0000000E0513839C0,Asuncion,Paraguay,South America
492,0101000020E61000000000002085AB52C0000000A051072640,Barranquilla,Colombia,South America
501,0101000020E61000000000004033334AC00000008014AE1340,Cayenne,Fr Guiana,South America
513,0101000020E610000000000080C2154DC0000000E07A141B40,Georgetown,Guyana,South America
530,0101000020E610000000000020B53453C000000060D02228C0,Lima,Peru,South America
545,0101000020E610000000000080C2154CC000000080C27541C0,Montevideo,Uruguay,South America
569,0101000020E6100000000000A0703D43C0000000E0543329C0,Salvador,Brazil,South America
579,0101000020E61000000000006028D351C000000040337340C0,Valparaiso,Chile,South America
587,0101000020E6100000000000E0727A51C0FFFFFF5F8F4234C0,Iquique,Chile,South America
589,0101000020E610000000000060590052C000000080704E1E40,San Cristobal,Venezuela,South America
592,0101000020E610000000000020B9DA4CC0FFFFFF7F1E4E3FC0,Salto,Uruguay,South America
284,0101000020E610000000000000D9206340FFFFFF9F33743BC0,Brisbane,Australia,Australia
293,0101000020E610000000000000E7E0624000000020E4F140C0,Sydney,Australia,Australia
295,0101000020E61000000000000055A1624000000060CAAC41C0,Canberra,Australia,Australia
297,0101000020E6100000FFFFFF3F67226240FFFFFFBF2DED42C0,Melbourne,Australia,Australia
315,0101000020E6100000000000A0DC5B6140FFFFFF9F927541C0,Adelaide,Australia,Australia
366,0101000020E610000000000080C2BD6040000000A047A137C0,Alice Springs,Australia,Australia
367,0101000020E610000000000060B8366240000000A099D930C0,Cairns,Australia,Australia
368,0101000020E6100000000000608F5A6240000000C0CC4C33C0,Townsville,Australia,Australia
369,0101000020E6100000000000205CCF624000000080146E37C0,Rockhampton,Australia,Australia
371,0101000020E6100000000000000070624000000000008045C0,Hobart,Australia,Australia
421,0101000020E6100000000000400AA760400000000000802FC0,Birdum,Australia,Australia
429,0101000020E610000000000060D35F6040000000002B6729C0,Darwin,Australia,Australia
431,0101000020E610000000000000D0FB5C4000000040A70540C0,Fremantle,Australia,Australia
560,0101000020E6100000FFFFFF7F18FB5C40FFFFFF3FD2F93FC0,Perth,Australia,Australia
466,0101000020E6100000D7F3FB1F5C2F4240DCA3F5BFF5A84440,Samsun,Turkey,Asia
383,0101000020E610000098F10060660E6540B58E05E07A3447C0,Invercargill,New Zealand,Austraila
482,0101000020E6100000245C0A400A9746405917D8DFE9B82940,Aden,Yemen,Asia
384,0101000020E6100000245C0A400A174440DE9A09C01E8524C0,Mtwara,Tanzania,Africa
372,0101000020E61000000000000000506540BA3EFF7F14EE46C0,Dunedin,New Zealand,Australia
452,0101000020E61000007147EE9F5DD330C0FB4F066066E63440,Nouadnibou,Mauritania,Africa
398,0101000020E6100000D11CFE3F33B351C098D9084033934AC0,Punte Arenas,Chile,South America
385,0101000020E6100000B58E05E07AB448402265F63FE13A32C0,Toamasina,Madagascar,Africa
467,0101000020E6100000D05F09200C3746C000000000000004C0,Sao Luis,Brazil,South America
425,0101000020E6100000122E0520858B57C0FDF40260FA5A4D40,Churchill,Canada,North America
447,0101000020E61000001844FF5F703B604078AFFFDFFD704040,Nagasaki,Japan,Asia
306,0101000020E6100000E960FD9FC3935EC061D100201FDD4240,San Francisco,US,North America
595,0101000020E6100000FFFFFF3FCCB963C0000000A038523540,Honolulu,US,Oceania
594,0101000020E610000000000040276263C0FFFFFF1FFEB63340,Hilo,US,Oceania
299,0101000020E6100000FFFFFF7FE0956540000000E042C645C0,Christchurch,New Zealand,Australia
449,0101000020E6100000000000E0A3A865400000006066A644C0,Nelson,New Zealand,Australia
584,0101000020E610000000000060A3E4654000000040EE9A44C0,Wellington,New Zealand,Australia
296,0101000020E610000000000040A2D9654000000020567242C0,Auckland,New Zealand,Australia
370,0101000020E610000017DEFEBF1EFD624000000000008040C0,Newcastle,Australia,Australia
557,0101000020E6100000F69F0CC0CCCC2A40290C04E0A3104340,Palermo,Italy,Europe
606,0101000020E6100000ADA8FBDF550B5A40CF4E61003CADF33F,Singapore,Singapore,Asia
548,0101000020E6100000BD3513803D8A2C402EBCFD7F3D6A4440,Napoli,Italy,Europe
552,0101000020E61000005772DBDF55CE2340CB4500608AC94B40,Odense,Denmark,Europe
417,0101000020E61000006A74FF3FEBA742C0E9210140E16A5040,Angmagssalik,Greenland,North America
363,0101000020E61000000000000000E861402EBCFD7F3DAA4D40,Okhotsk,Russia,Asia
558,0101000020E6100000CC6C04A099D953C0FB4F066066E62140,Panama,Panama,North America
559,0101000020E61000009132FB9F709D4BC0D08A1CE051B81740,Paramaribo,Suriname,South America
